frame,time,cell_id,x,y
0,0.0,0,57.44690253281098,60.05063853814607
0,0.0,0,57.44690253281098,60.05063853814607
0,0.0,1,158.70869088732601,91.48832053244782
0,0.0,0,57.44690253281098,60.05063853814607
0,0.0,1,158.70869088732601,91.48832053244782
0,0.0,2,76.5628149323203,214.78701300978858
0,0.0,0,57.44690253281098,60.05063853814607
0,0.0,1,158.70869088732601,91.48832053244782
0,0.0,2,76.5628149323203,214.78701300978858
0,0.0,3,66.30446620757837,75.39674412482002
0,0.0,0,57.44690253281098,60.05063853814607
0,0.0,1,158.70869088732601,91.48832053244782
0,0.0,2,76.5628149323203,214.78701300978858
0,0.0,3,66.30446620757837,75.39674412482002
0,0.0,4,190.95177837162063,76.17890922086583
1,0.041666666666666664,0,58.165514712618105,64.21849682752843
1,0.041666666666666664,0,58.165514712618105,64.21849682752843
1,0.041666666666666664,1,159.56070062719812,97.72118839285189
1,0.041666666666666664,0,58.165514712618105,64.21849682752843
1,0.041666666666666664,1,159.56070062719812,97.72118839285189
1,0.041666666666666664,2,77.75745148404181,219.07296928410804
1,0.041666666666666664,0,58.165514712618105,64.21849682752843
1,0.041666666666666664,1,159.56070062719812,97.72118839285189
1,0.041666666666666664,2,77.75745148404181,219.07296928410804
1,0.041666666666666664,3,67.54647134922863,80.08077952611158
1,0.041666666666666664,0,58.165514712618105,64.21849682752843
1,0.041666666666666664,1,159.56070062719812,97.72118839285189
1,0.041666666666666664,2,77.75745148404181,219.07296928410804
1,0.041666666666666664,3,67.54647134922863,80.08077952611158
1,0.041666666666666664,4,191.73815931011114,77.7409993457344
2,0.08333333333333333,0,58.88412689242523,67.99985527779008
2,0.08333333333333333,0,58.88412689242523,67.99985527779008
2,0.08333333333333333,1,160.41271036707022,102.91421851188419
2,0.08333333333333333,0,58.88412689242523,67.99985527779008
2,0.08333333333333333,1,160.41271036707022,102.91421851188419
2,0.08333333333333333,2,78.95208803576332,222.22418434002964
2,0.08333333333333333,0,58.88412689242523,67.99985527779008
2,0.08333333333333333,1,160.41271036707022,102.91421851188419
2,0.08333333333333333,2,78.95208803576332,222.22418434002964
2,0.08333333333333333,3,68.78847649087889,83.90502422935427
2,0.08333333333333333,0,58.88412689242523,67.99985527779008
2,0.08333333333333333,1,160.41271036707022,102.91421851188419
2,0.08333333333333333,2,78.95208803576332,222.22418434002964
2,0.08333333333333333,3,68.78847649087889,83.90502422935427
2,0.08333333333333333,4,192.52454024860168,79.27703928306197
3,0.125,0,59.60273907223235,71.04451801479233
3,0.125,0,59.60273907223235,71.04451801479233
3,0.125,1,161.26472010694232,106.20273929991104
3,0.125,0,59.60273907223235,71.04451801479233
3,0.125,1,161.26472010694232,106.20273929991104
3,0.125,2,80.14672458748484,223.39952524993697
3,0.125,0,59.60273907223235,71.04451801479233
3,0.125,1,161.26472010694232,106.20273929991104
3,0.125,2,80.14672458748484,223.39952524993697
3,0.125,3,70.03048163252915,86.16863004886916
3,0.125,0,59.60273907223235,71.04451801479233
3,0.125,1,161.26472010694232,106.20273929991104
3,0.125,2,80.14672458748484,223.39952524993697
3,0.125,3,70.03048163252915,86.16863004886916
3,0.125,4,193.3109211870922,80.76143037370133
4,0.16666666666666666,0,60.32135125203948,73.07148705963337
4,0.16666666666666666,0,60.32135125203948,73.07148705963337
4,0.16666666666666666,1,162.11672984681442,107.04290380867148
4,0.16666666666666666,0,60.32135125203948,73.07148705963337
4,0.16666666666666666,1,162.11672984681442,107.04290380867148
4,0.16666666666666666,2,81.34136113920636,222.2691060748699
4,0.16666666666666666,0,60.32135125203948,73.07148705963337
4,0.16666666666666666,1,162.11672984681442,107.04290380867148
4,0.16666666666666666,2,81.34136113920636,222.2691060748699
4,0.16666666666666666,3,71.27248677417941,86.45925141437573
4,0.16666666666666666,0,60.32135125203948,73.07148705963337
4,0.16666666666666666,1,162.11672984681442,107.04290380867148
4,0.16666666666666666,2,81.34136113920636,222.2691060748699
4,0.16666666666666666,3,71.27248677417941,86.45925141437573
4,0.16666666666666666,4,194.0973021255827,82.16946918894311
5,0.20833333333333334,0,61.0399634318466,73.89535649432054
5,0.20833333333333334,0,61.0399634318466,73.89535649432054
5,0.20833333333333334,1,162.96873958668652,105.30330361801282
5,0.20833333333333334,0,61.0399634318466,73.89535649432054
5,0.20833333333333334,1,162.96873958668652,105.30330361801282
5,0.20833333333333334,2,82.53599769092787,219.09964410709418
5,0.20833333333333334,0,61.0399634318466,73.89535649432054
5,0.20833333333333334,1,162.96873958668652,105.30330361801282
5,0.20833333333333334,2,82.53599769092787,219.09964410709418
5,0.20833333333333334,3,72.51449191582967,84.72927234233913
5,0.20833333333333334,0,61.0399634318466,73.89535649432054
5,0.20833333333333334,1,162.96873958668652,105.30330361801282
5,0.20833333333333334,2,82.53599769092787,219.09964410709418
5,0.20833333333333334,3,72.51449191582967,84.72927234233913
5,0.20833333333333334,4,194.88368306407324,83.47777571551318
6,0.25,0,61.758575611653725,73.4437276564819
6,0.25,0,61.758575611653725,73.4437276564819
6,0.25,1,163.82074932655863,101.28710527732595
6,0.25,0,61.758575611653725,73.4437276564819
6,0.25,1,163.82074932655863,101.28710527732595
6,0.25,2,83.73063424264939,214.68544818088566
6,0.25,0,61.758575611653725,73.4437276564819
6,0.25,1,163.82074932655863,101.28710527732595
6,0.25,2,83.73063424264939,214.68544818088566
6,0.25,3,73.75649705747992,81.30460881551359
6,0.25,0,61.758575611653725,73.4437276564819
6,0.25,1,163.82074932655863,101.28710527732595
6,0.25,2,83.73063424264939,214.68544818088566
6,0.25,3,73.75649705747992,81.30460881551359
6,0.25,4,195.67006400256375,84.66469860178535
7,0.2916666666666667,0,62.47718779146085,71.76400955229641
7,0.2916666666666667,0,62.47718779146085,71.76400955229641
7,0.2916666666666667,1,164.67275906643073,95.68098030137105
7,0.2916666666666667,0,62.47718779146085,71.76400955229641
7,0.2916666666666667,1,164.67275906643073,95.68098030137105
7,0.2916666666666667,2,84.9252707943709,210.1428954612442
7,0.2916666666666667,0,62.47718779146085,71.76400955229641
7,0.2916666666666667,1,164.67275906643073,95.68098030137105
7,0.2916666666666667,2,84.9252707943709,210.1428954612442
7,0.2916666666666667,3,74.99850219913019,76.82445934637823
7,0.2916666666666667,0,62.47718779146085,71.76400955229641
7,0.2916666666666667,1,164.67275906643073,95.68098030137105
7,0.2916666666666667,2,84.9252707943709,210.1428954612442
7,0.2916666666666667,3,74.99850219913019,76.82445934637823
7,0.2916666666666667,4,196.45644494105426,85.71069044106935
8,0.3333333333333333,0,63.195799971267974,69.01896572423898
8,0.3333333333333333,0,63.195799971267974,69.01896572423898
8,0.3333333333333333,1,165.52476880630286,89.4394317320445
8,0.3333333333333333,0,63.195799971267974,69.01896572423898
8,0.3333333333333333,1,165.52476880630286,89.4394317320445
8,0.3333333333333333,2,86.1199073460924,206.6215747548364
8,0.3333333333333333,0,63.195799971267974,69.01896572423898
8,0.3333333333333333,1,165.52476880630286,89.4394317320445
8,0.3333333333333333,2,86.1199073460924,206.6215747548364
8,0.3333333333333333,3,76.24050734078044,72.12314154770347
8,0.3333333333333333,0,63.195799971267974,69.01896572423898
8,0.3333333333333333,1,165.52476880630286,89.4394317320445
8,0.3333333333333333,2,86.1199073460924,206.6215747548364
8,0.3333333333333333,3,76.24050734078044,72.12314154770347
8,0.3333333333333333,4,197.24282587954477,86.59864658718097
9,0.375,0,63.9144121510751,65.47142585675714
9,0.375,0,63.9144121510751,65.47142585675714
9,0.375,1,166.37677854617496,83.62400306683179
9,0.375,0,63.9144121510751,65.47142585675714
9,0.375,1,166.37677854617496,83.62400306683179
9,0.375,2,87.31454389781392,205.00683648425033
9,0.375,0,63.9144121510751,65.47142585675714
9,0.375,1,166.37677854617496,83.62400306683179
9,0.375,2,87.31454389781392,205.00683648425033
9,0.375,3,77.48251248243069,68.07585862224501
9,0.375,0,63.9144121510751,65.47142585675714
9,0.375,1,166.37677854617496,83.62400306683179
9,0.375,2,87.31454389781392,205.00683648425033
9,0.375,3,77.48251248243069,68.07585862224501
9,0.375,4,198.0292068180353,87.31420162959836
10,0.4166666666666667,0,64.63302433088222,61.45959816014649
10,0.4166666666666667,0,64.63302433088222,61.45959816014649
10,0.4166666666666667,1,167.22878828604706,79.22445565797253
10,0.4166666666666667,0,64.63302433088222,61.45959816014649
10,0.4166666666666667,1,167.22878828604706,79.22445565797253
10,0.4166666666666667,2,88.50918044953544,205.69071294707848
10,0.4166666666666667,0,64.63302433088222,61.45959816014649
10,0.4166666666666667,1,167.22878828604706,79.22445565797253
10,0.4166666666666667,2,88.50918044953544,205.69071294707848
10,0.4166666666666667,3,78.72451762408096,65.43690766600197
10,0.4166666666666667,0,64.63302433088222,61.45959816014649
10,0.4166666666666667,1,167.22878828604706,79.22445565797253
10,0.4166666666666667,2,88.50918044953544,205.69071294707848
10,0.4166666666666667,3,78.72451762408096,65.43690766600197
10,0.4166666666666667,4,198.81558775652582,87.84597838939446
11,0.4583333333333333,0,65.35163651068935,57.36530144264915
11,0.4583333333333333,0,65.35163651068935,57.36530144264915
11,0.4583333333333333,1,168.08079802591917,76.99203819258028
11,0.4583333333333333,0,65.35163651068935,57.36530144264915
11,0.4583333333333333,1,168.08079802591917,76.99203819258028
11,0.4583333333333333,2,89.70381700125695,208.47048203162578
11,0.4583333333333333,0,65.35163651068935,57.36530144264915
11,0.4583333333333333,1,168.08079802591917,76.99203819258028
11,0.4583333333333333,2,89.70381700125695,208.47048203162578
11,0.4583333333333333,3,79.96652276573121,64.7002388999187
11,0.4583333333333333,0,65.35163651068935,57.36530144264915
11,0.4583333333333333,1,168.08079802591917,76.99203819258028
11,0.4583333333333333,2,89.70381700125695,208.47048203162578
11,0.4583333333333333,3,79.96652276573121,64.7002388999187
11,0.4583333333333333,4,199.60196869501632,88.18578512009502
12,0.5,0,66.07024869049647,53.57810083512707
12,0.5,0,66.07024869049647,53.57810083512707
12,0.5,1,168.93280776579127,77.31293488914037
12,0.5,0,66.07024869049647,53.57810083512707
12,0.5,1,168.93280776579127,77.31293488914037
12,0.5,2,90.89845355297847,212.6011204915004
12,0.5,0,66.07024869049647,53.57810083512707
12,0.5,1,168.93280776579127,77.31293488914037
12,0.5,2,90.89845355297847,212.6011204915004
12,0.5,3,81.20852790738147,66.0081431105829
12,0.5,0,66.07024869049647,53.57810083512707
12,0.5,1,168.93280776579127,77.31293488914037
12,0.5,2,90.89845355297847,212.6011204915004
12,0.5,3,81.20852790738147,66.0081431105829
12,0.5,4,200.38834963350686,88.32875749537519
13,0.5416666666666666,0,66.7888608703036,50.45871590294856
13,0.5416666666666666,0,66.7888608703036,50.45871590294856
13,0.5416666666666666,1,169.78481750566337,80.14321072913351
13,0.5416666666666666,0,66.7888608703036,50.45871590294856
13,0.5416666666666666,1,169.78481750566337,80.14321072913351
13,0.5416666666666666,2,92.09309010469998,216.98807477161293
13,0.5416666666666666,0,66.7888608703036,50.45871590294856
13,0.5416666666666666,1,169.78481750566337,80.14321072913351
13,0.5416666666666666,2,92.09309010469998,216.98807477161293
13,0.5416666666666666,3,82.45053304903173,69.12494750997557
13,0.5416666666666666,0,66.7888608703036,50.45871590294856
13,0.5416666666666666,1,169.78481750566337,80.14321072913351
13,0.5416666666666666,2,92.09309010469998,216.98807477161293
13,0.5416666666666666,3,82.45053304903173,69.12494750997557
13,0.5416666666666666,4,201.17473057199737,88.27344292251982
14,0.5833333333333334,0,67.50747305011072,48.305138224460656
14,0.5833333333333334,0,67.50747305011072,48.305138224460656
14,0.5833333333333334,1,170.63682724553547,85.01621254262285
14,0.5833333333333334,0,67.50747305011072,48.305138224460656
14,0.5833333333333334,1,170.63682724553547,85.01621254262285
14,0.5833333333333334,2,93.2877266564215,220.47047095355208
14,0.5833333333333334,0,67.50747305011072,48.305138224460656
14,0.5833333333333334,1,170.63682724553547,85.01621254262285
14,0.5833333333333334,2,93.2877266564215,220.47047095355208
14,0.5833333333333334,3,83.69253819068199,73.48058264670854
14,0.5833333333333334,0,67.50747305011072,48.305138224460656
14,0.5833333333333334,1,170.63682724553547,85.01621254262285
14,0.5833333333333334,2,93.2877266564215,220.47047095355208
14,0.5833333333333334,3,83.69253819068199,73.48058264670854
14,0.5833333333333334,4,201.96111151048788,88.02182572024063
15,0.625,0,68.22608522991784,47.324641014977914
15,0.625,0,68.22608522991784,47.324641014977914
15,0.625,1,171.48883698540757,91.12117919590337
15,0.625,0,68.22608522991784,47.324641014977914
15,0.625,1,171.48883698540757,91.12117919590337
15,0.625,2,94.48236320814301,222.12148474432885
15,0.625,0,68.22608522991784,47.324641014977914
15,0.625,1,171.48883698540757,91.12117919590337
15,0.625,2,94.48236320814301,222.12148474432885
15,0.625,3,84.93454333233225,78.27596650826585
15,0.625,0,68.22608522991784,47.324641014977914
15,0.625,1,171.48883698540757,91.12117919590337
15,0.625,2,94.48236320814301,222.12148474432885
15,0.625,3,84.93454333233225,78.27596650826585
15,0.625,4,202.74749244897842,87.5792927244422
16,0.6666666666666666,0,68.94469740972497,47.614309934848
16,0.6666666666666666,0,68.94469740972497,47.614309934848
16,0.6666666666666666,1,172.34084672527968,97.43981858050648
16,0.6666666666666666,0,68.94469740972497,47.614309934848
16,0.6666666666666666,1,172.34084672527968,97.43981858050648
16,0.6666666666666666,2,95.67699975986453,221.48815236198357
16,0.6666666666666666,0,68.94469740972497,47.614309934848
16,0.6666666666666666,1,172.34084672527968,97.43981858050648
16,0.6666666666666666,2,95.67699975986453,221.48815236198357
16,0.6666666666666666,3,86.1765484739825,82.63072431251463
16,0.6666666666666666,0,68.94469740972497,47.614309934848
16,0.6666666666666666,1,172.34084672527968,97.43981858050648
16,0.6666666666666666,2,95.67699975986453,221.48815236198357
16,0.6666666666666666,3,86.1765484739825,82.63072431251463
16,0.6666666666666666,4,203.53387338746893,86.95453991809349
17,0.7083333333333334,0,69.66330958953209,49.151923824560015
17,0.7083333333333334,0,69.66330958953209,49.151923824560015
17,0.7083333333333334,1,173.19285646515178,102.91784428944189
17,0.7083333333333334,0,69.66330958953209,49.151923824560015
17,0.7083333333333334,1,173.19285646515178,102.91784428944189
17,0.7083333333333334,2,96.87163631158604,218.70857251930786
17,0.7083333333333334,0,69.66330958953209,49.151923824560015
17,0.7083333333333334,1,173.19285646515178,102.91784428944189
17,0.7083333333333334,2,96.87163631158604,218.70857251930786
17,0.7083333333333334,3,87.41855361563276,85.74593623225856
17,0.7083333333333334,0,69.66330958953209,49.151923824560015
17,0.7083333333333334,1,173.19285646515178,102.91784428944189
17,0.7083333333333334,2,96.87163631158604,218.70857251930786
17,0.7083333333333334,3,87.41855361563276,85.74593623225856
17,0.7083333333333334,4,204.32025432595944,86.15942170359008
18,0.75,0,70.38192176933921,51.79804194027502
18,0.75,0,70.38192176933921,51.79804194027502
18,0.75,1,174.04486620502388,106.64257572286262
18,0.75,0,70.38192176933921,51.79804194027502
18,0.75,1,174.04486620502388,106.64257572286262
18,0.75,2,98.06627286330756,214.47617411204993
18,0.75,0,70.38192176933921,51.79804194027502
18,0.75,1,174.04486620502388,106.64257572286262
18,0.75,2,98.06627286330756,214.47617411204993
18,0.75,3,88.66055875728303,87.05182720486818
18,0.75,0,70.38192176933921,51.79804194027502
18,0.75,1,174.04486620502388,106.64257572286262
18,0.75,2,98.06627286330756,214.47617411204993
18,0.75,3,88.66055875728303,87.05182720486818
18,0.75,4,205.10663526444995,85.20874543017325
19,0.7916666666666666,0,71.10053394914632,55.30910163555565
19,0.7916666666666666,0,71.10053394914632,55.30910163555565
19,0.7916666666666666,1,174.89687594489598,107.99668394867435
19,0.7916666666666666,0,71.10053394914632,55.30910163555565
19,0.7916666666666666,1,174.89687594489598,107.99668394867435
19,0.7916666666666666,2,99.26090941502906,209.86029515836114
19,0.7916666666666666,0,71.10053394914632,55.30910163555565
19,0.7916666666666666,1,174.89687594489598,107.99668394867435
19,0.7916666666666666,2,99.26090941502906,209.86029515836114
19,0.7916666666666666,3,89.90256389893328,86.31309661326684
19,0.7916666666666666,0,71.10053394914632,55.30910163555565
19,0.7916666666666666,1,174.89687594489598,107.99668394867435
19,0.7916666666666666,2,99.26090941502906,209.86029515836114
19,0.7916666666666666,3,89.90256389893328,86.31309661326684
19,0.7916666666666666,4,205.8930162029405,84.12001473786493
20,0.8333333333333334,0,71.81914612895346,59.36029622286135
20,0.8333333333333334,0,71.81914612895346,59.36029622286135
20,0.8333333333333334,1,175.74888568476808,106.76218401699863
20,0.8333333333333334,0,71.81914612895346,59.36029622286135
20,0.8333333333333334,1,175.74888568476808,106.76218401699863
20,0.8333333333333334,2,100.45554596675058,206.0294972402852
20,0.8333333333333334,0,71.81914612895346,59.36029622286135
20,0.8333333333333334,1,175.74888568476808,106.76218401699863
20,0.8333333333333334,2,100.45554596675058,206.0294972402852
20,0.8333333333333334,3,91.14456904058355,83.67241639695386
20,0.8333333333333334,0,71.81914612895346,59.36029622286135
20,0.8333333333333334,1,175.74888568476808,106.76218401699863
20,0.8333333333333334,2,100.45554596675058,206.0294972402852
20,0.8333333333333334,3,91.14456904058355,83.67241639695386
20,0.8333333333333334,4,206.679397141431,82.91312616654403
21,0.875,0,72.53775830876057,63.576084095199995
21,0.875,0,72.53775830876057,63.576084095199995
21,0.875,1,176.60089542464019,103.15715567465348
21,0.875,0,72.53775830876057,63.576084095199995
21,0.875,1,176.60089542464019,103.15715567465348
21,0.875,2,101.65018251847209,203.94920637269558
21,0.875,0,72.53775830876057,63.576084095199995
21,0.875,1,176.60089542464019,103.15715567465348
21,0.875,2,101.65018251847209,203.94920637269558
21,0.875,3,92.3865741822338,79.62405645111605
21,0.875,0,72.53775830876057,63.576084095199995
21,0.875,1,176.60089542464019,103.15715567465348
21,0.875,2,101.65018251847209,203.94920637269558
21,0.875,3,92.3865741822338,79.62405645111605
21,0.875,4,207.4657780799215,81.61002428884373
22,0.9166666666666666,0,73.25637048856771,67.56546338337223
22,0.9166666666666666,0,73.25637048856771,67.56546338337223
22,0.9166666666666666,1,177.4529051645123,97.7990066816284
22,0.9166666666666666,0,73.25637048856771,67.56546338337223
22,0.9166666666666666,1,177.4529051645123,97.7990066816284
22,0.9166666666666666,2,102.84481907019361,204.13191412624084
22,0.9166666666666666,0,73.25637048856771,67.56546338337223
22,0.9166666666666666,1,177.4529051645123,97.7990066816284
22,0.9166666666666666,2,102.84481907019361,204.13191412624084
22,0.9166666666666666,3,93.62857932388405,74.92251297174899
22,0.9166666666666666,0,73.25637048856771,67.56546338337223
22,0.9166666666666666,1,177.4529051645123,97.7990066816284
22,0.9166666666666666,2,102.84481907019361,204.13191412624084
22,0.9166666666666666,3,93.62857932388405,74.92251297174899
22,0.9166666666666666,4,208.25215901841204,80.23432134445854
23,0.9583333333333334,0,73.97498266837482,70.95869879704624
23,0.9583333333333334,0,73.97498266837482,70.95869879704624
23,0.9583333333333334,1,178.30491490438442,91.60046721764613
23,0.9583333333333334,0,73.97498266837482,70.95869879704624
23,0.9583333333333334,1,178.30491490438442,91.60046721764613
23,0.9583333333333334,2,104.03945562191512,206.5045731430287
23,0.9583333333333334,0,73.97498266837482,70.95869879704624
23,0.9583333333333334,1,178.30491490438442,91.60046721764613
23,0.9583333333333334,2,104.03945562191512,206.5045731430287
23,0.9583333333333334,3,94.87058446553432,70.44303088136215
23,0.9583333333333334,0,73.97498266837482,70.95869879704624
23,0.9583333333333334,1,178.30491490438442,91.60046721764613
23,0.9583333333333334,2,104.03945562191512,206.5045731430287
23,0.9583333333333334,3,94.87058446553432,70.44303088136215
23,0.9583333333333334,4,209.03853995690255,78.8108879687467
24,1.0,0,74.69359484818196,71.45456140256795
24,1.0,0,74.69359484818196,71.45456140256795
24,1.0,1,179.15692464425652,85.87797195622649
24,1.0,0,74.69359484818196,71.45456140256795
24,1.0,1,179.15692464425652,85.87797195622649
24,1.0,2,105.23409217363664,207.37953664446857
24,1.0,0,74.69359484818196,71.45456140256795
24,1.0,1,179.15692464425652,85.87797195622649
24,1.0,2,105.23409217363664,207.37953664446857
24,1.0,3,96.11258960718457,71.20394411808212
24,1.0,0,74.69359484818196,71.45456140256795
24,1.0,1,179.15692464425652,85.87797195622649
24,1.0,2,105.23409217363664,207.37953664446857
24,1.0,3,96.11258960718457,71.20394411808212
24,1.0,4,209.82492089539306,75.2127521988689
25,1.0416666666666667,0,75.41220702798907,72.79975616357291
25,1.0416666666666667,0,75.41220702798907,72.79975616357291
25,1.0416666666666667,1,180.00893438412862,81.12551279429343
25,1.0416666666666667,0,75.41220702798907,72.79975616357291
25,1.0416666666666667,1,180.00893438412862,81.12551279429343
25,1.0416666666666667,2,106.42872872535816,211.8119181552102
25,1.0416666666666667,0,75.41220702798907,72.79975616357291
25,1.0416666666666667,1,180.00893438412862,81.12551279429343
25,1.0416666666666667,2,106.42872872535816,211.8119181552102
25,1.0416666666666667,3,97.35459474883484,69.47590613934102
25,1.0416666666666667,0,75.41220702798907,72.79975616357291
25,1.0416666666666667,1,180.00893438412862,81.12551279429343
25,1.0416666666666667,2,106.42872872535816,211.8119181552102
25,1.0416666666666667,3,97.35459474883484,69.47590613934102
25,1.0416666666666667,4,210.6113018338836,73.77133369344187
26,1.0833333333333333,0,76.1308192077962,72.8854267908699
26,1.0833333333333333,0,76.1308192077962,72.8854267908699
26,1.0833333333333333,1,180.86094412400072,78.41592455171994
26,1.0833333333333333,0,76.1308192077962,72.8854267908699
26,1.0833333333333333,1,180.86094412400072,78.41592455171994
26,1.0833333333333333,2,107.62336527707967,215.58112859129102
26,1.0833333333333333,0,76.1308192077962,72.8854267908699
26,1.0833333333333333,1,180.86094412400072,78.41592455171994
26,1.0833333333333333,2,107.62336527707967,215.58112859129102
26,1.0833333333333333,3,98.5965998904851,69.76861379200197
26,1.0833333333333333,0,76.1308192077962,72.8854267908699
26,1.0833333333333333,1,180.86094412400072,78.41592455171994
26,1.0833333333333333,2,107.62336527707967,215.58112859129102
26,1.0833333333333333,3,98.5965998904851,69.76861379200197
26,1.0833333333333333,4,211.3976827723741,72.35997222622036
27,1.125,0,76.84943138760332,71.70851370309202
27,1.125,0,76.84943138760332,71.70851370309202
27,1.125,1,181.71295386387283,78.21577338105202
27,1.125,0,76.84943138760332,71.70851370309202
27,1.125,1,181.71295386387283,78.21577338105202
27,1.125,2,108.81800182880119,217.68613198787565
27,1.125,0,76.84943138760332,71.70851370309202
27,1.125,1,181.71295386387283,78.21577338105202
27,1.125,2,108.81800182880119,217.68613198787565
27,1.125,3,99.83860503213535,72.03406541759483
27,1.125,0,76.84943138760332,71.70851370309202
27,1.125,1,181.71295386387283,78.21577338105202
27,1.125,2,108.81800182880119,217.68613198787565
27,1.125,3,99.83860503213535,72.03406541759483
27,1.125,4,212.18406371086462,71.00415650241405
28,1.1666666666666667,0,77.56804356741046,69.38455192186927
28,1.1666666666666667,0,77.56804356741046,69.38455192186927
28,1.1666666666666667,1,182.56496360374493,80.56889752506133
28,1.1666666666666667,0,77.56804356741046,69.38455192186927
28,1.1666666666666667,1,182.56496360374493,80.56889752506133
28,1.1666666666666667,2,110.0126383805227,217.55649715278565
28,1.1666666666666667,0,77.56804356741046,69.38455192186927
28,1.1666666666666667,1,182.56496360374493,80.56889752506133
28,1.1666666666666667,2,110.0126383805227,217.55649715278565
28,1.1666666666666667,3,101.0806101737856,75.85957422668412
28,1.1666666666666667,0,77.56804356741046,69.38455192186927
28,1.1666666666666667,1,182.56496360374493,80.56889752506133
28,1.1666666666666667,2,110.0126383805227,217.55649715278565
28,1.1666666666666667,3,101.0806101737856,75.85957422668412
28,1.1666666666666667,4,212.97044464935516,69.72841245181016
29,1.2083333333333333,0,78.28665574721757,66.13681885675683
29,1.2083333333333333,0,78.28665574721757,66.13681885675683
29,1.2083333333333333,1,183.41697334361703,85.08902253354331
29,1.2083333333333333,0,78.28665574721757,66.13681885675683
29,1.2083333333333333,1,183.41697334361703,85.08902253354331
29,1.2083333333333333,2,111.20727493224422,215.19999372155468
29,1.2083333333333333,0,78.28665574721757,66.13681885675683
29,1.2083333333333333,1,183.41697334361703,85.08902253354331
29,1.2083333333333333,2,111.20727493224422,215.19999372155468
29,1.2083333333333333,3,102.32261531543585,80.544058348626
29,1.2083333333333333,0,78.28665574721757,66.13681885675683
29,1.2083333333333333,1,183.41697334361703,85.08902253354331
29,1.2083333333333333,2,111.20727493224422,215.19999372155468
29,1.2083333333333333,3,102.32261531543585,80.544058348626
29,1.2083333333333333,4,213.75682558784567,68.55587812036823
30,1.25,0,79.0052679270247,62.27536183788164
30,1.25,0,79.0052679270247,62.27536183788164
30,1.25,1,184.26898308348913,91.0248312317025
30,1.25,0,79.0052679270247,62.27536183788164
30,1.25,1,184.26898308348913,91.0248312317025
30,1.25,2,112.40191148396573,211.20058180531274
30,1.25,0,79.0052679270247,62.27536183788164
30,1.25,1,184.26898308348913,91.0248312317025
30,1.25,2,112.40191148396573,211.20058180531274
30,1.25,3,103.56462045708612,85.22764413403513
30,1.25,0,79.0052679270247,62.27536183788164
30,1.25,1,184.26898308348913,91.0248312317025
30,1.25,2,112.40191148396573,211.20058180531274
30,1.25,3,103.56462045708612,85.22764413403513
30,1.25,4,214.54320652633618,67.5079026180311
31,1.2916666666666667,0,79.72388010683181,58.167875342073096
31,1.2916666666666667,0,79.72388010683181,58.167875342073096
31,1.2916666666666667,1,185.12099282336123,97.38652706076589
31,1.2916666666666667,0,79.72388010683181,58.167875342073096
31,1.2916666666666667,1,185.12099282336123,97.38652706076589
31,1.2916666666666667,2,113.59654803568725,206.56731539948126
31,1.2916666666666667,0,79.72388010683181,58.167875342073096
31,1.2916666666666667,1,185.12099282336123,97.38652706076589
31,1.2916666666666667,2,113.59654803568725,206.56731539948126
31,1.2916666666666667,3,104.80662559873639,89.05062400169328
31,1.2916666666666667,0,79.72388010683181,58.167875342073096
31,1.2916666666666667,1,185.12099282336123,97.38652706076589
31,1.2916666666666667,2,113.59654803568725,206.56731539948126
31,1.2916666666666667,3,104.80662559873639,89.05062400169328
31,1.2916666666666667,4,215.32958746482672,66.60367607419802
32,1.3333333333333333,0,80.44249228663894,54.20516341726725
32,1.3333333333333333,0,80.44249228663894,54.20516341726725
32,1.3333333333333333,1,185.97300256323334,103.11257052858993
32,1.3333333333333333,0,80.44249228663894,54.20516341726725
32,1.3333333333333333,1,185.97300256323334,103.11257052858993
32,1.3333333333333333,2,114.79118458740876,202.4732549974171
32,1.3333333333333333,0,80.44249228663894,54.20516341726725
32,1.3333333333333333,1,185.97300256323334,103.11257052858993
32,1.3333333333333333,2,114.79118458740876,202.4732549974171
32,1.3333333333333333,3,106.04863074038664,91.31238358578734
32,1.3333333333333333,0,80.44249228663894,54.20516341726725
32,1.3333333333333333,1,185.97300256323334,103.11257052858993
32,1.3333333333333333,2,114.79118458740876,202.4732549974171
32,1.3333333333333333,3,106.04863074038664,91.31238358578734
32,1.3333333333333333,4,216.11596840331723,65.85989701484864
33,1.375,0,81.16110446644606,50.76443142280107
33,1.375,0,81.16110446644606,50.76443142280107
33,1.375,1,186.82501230310544,107.24850113577344
33,1.375,0,81.16110446644606,50.76443142280107
33,1.375,1,186.82501230310544,107.24850113577344
33,1.375,2,115.98582113913028,199.951944389833
33,1.375,0,81.16110446644606,50.76443142280107
33,1.375,1,186.82501230310544,107.24850113577344
33,1.375,2,115.98582113913028,199.951944389833
33,1.375,3,107.2906358820369,91.60091861456075
33,1.375,0,81.16110446644606,50.76443142280107
33,1.375,1,186.82501230310544,107.24850113577344
33,1.375,2,115.98582113913028,199.951944389833
33,1.375,3,107.2906358820369,91.60091861456075
33,1.375,4,216.90234934180774,65.29048292667571
34,1.4166666666666667,0,81.8797166462532,48.17385509575981
34,1.4166666666666667,0,81.8797166462532,48.17385509575981
34,1.4166666666666667,1,187.67702204297754,109.10772128069789
34,1.4166666666666667,0,81.8797166462532,48.17385509575981
34,1.4166666666666667,1,187.67702204297754,109.10772128069789
34,1.4166666666666667,2,117.1804576908518,199.62998667339005
34,1.4166666666666667,0,81.8797166462532,48.17385509575981
34,1.4166666666666667,1,187.67702204297754,109.10772128069789
34,1.4166666666666667,2,117.1804576908518,199.62998667339005
34,1.4166666666666667,3,108.53264102368716,89.8689987885792
34,1.4166666666666667,0,81.8797166462532,48.17385509575981
34,1.4166666666666667,1,187.67702204297754,109.10772128069789
34,1.4166666666666667,2,117.1804576908518,199.62998667339005
34,1.4166666666666667,3,108.53264102368716,89.8689987885792
34,1.4166666666666667,4,217.68873028029827,64.90632902502483
35,1.4583333333333333,0,82.59832882606031,46.6817549741954
35,1.4583333333333333,0,82.59832882606031,46.6817549741954
35,1.4583333333333333,1,188.52903178284964,108.38715724670156
35,1.4583333333333333,0,82.59832882606031,46.6817549741954
35,1.4583333333333333,1,188.52903178284964,108.38715724670156
35,1.4583333333333333,2,118.37509424257331,201.56491401234354
35,1.4583333333333333,0,82.59832882606031,46.6817549741954
35,1.4583333333333333,1,188.52903178284964,108.38715724670156
35,1.4583333333333333,2,118.37509424257331,201.56491401234354
35,1.4583333333333333,3,109.77464616533742,86.44289886199167
36,1.5,0,83.31694100586743,46.433271626439655
36,1.5,0,83.31694100586743,46.433271626439655
36,1.5,1,189.38104152272177,105.21831356809106
36,1.5,0,83.31694100586743,46.433271626439655
36,1.5,1,189.38104152272177,105.21831356809106
36,1.5,2,119.56973079429483,205.23030149521963
36,1.5,0,83.31694100586743,46.433271626439655
36,1.5,1,189.38104152272177,105.21831356809106
36,1.5,2,119.56973079429483,205.23030149521963
36,1.5,3,111.01665130698768,81.96208288281683
37,1.5416666666666667,0,84.03555318567456,47.45673258434292
37,1.5416666666666667,0,84.03555318567456,47.45673258434292
37,1.5416666666666667,1,190.23305126259385,100.14512039777038
37,1.5416666666666667,0,84.03555318567456,47.45673258434292
37,1.5416666666666667,1,190.23305126259385,100.14512039777038
37,1.5416666666666667,2,120.76436734601634,209.65197679740334
37,1.5416666666666667,0,84.03555318567456,47.45673258434292
37,1.5416666666666667,1,190.23305126259385,100.14512039777038
37,1.5416666666666667,2,120.76436734601634,209.65197679740334
37,1.5416666666666667,3,112.25865644863794,77.26099167611436
38,1.5833333333333333,0,84.75416536548168,49.66099153563508
38,1.5833333333333333,0,84.75416536548168,49.66099153563508
38,1.5833333333333333,1,191.08506100246598,94.03230560424304
38,1.5833333333333333,0,84.75416536548168,49.66099153563508
38,1.5833333333333333,1,191.08506100246598,94.03230560424304
38,1.5833333333333333,2,121.95900389773784,213.66008211959564
38,1.5833333333333333,0,84.75416536548168,49.66099153563508
38,1.5833333333333333,1,191.08506100246598,94.03230560424304
38,1.5833333333333333,2,121.95900389773784,213.66008211959564
38,1.5833333333333333,3,113.50066159028819,73.21478655642532
39,1.625,0,85.4727775452888,52.84398970531296
39,1.625,0,85.4727775452888,52.84398970531296
39,1.625,1,191.93707074233808,87.91972680150695
39,1.625,0,85.4727775452888,52.84398970531296
39,1.625,1,191.93707074233808,87.91972680150695
39,1.625,2,123.15364044945936,216.19176870823873
39,1.625,0,85.4727775452888,52.84398970531296
39,1.625,1,191.93707074233808,87.91972680150695
39,1.625,2,123.15364044945936,216.19176870823873
39,1.625,3,114.74266673193844,70.57756537456359
40,1.6666666666666667,0,86.19138972509593,56.711735254722946
40,1.6666666666666667,0,86.19138972509593,56.711735254722946
40,1.6666666666666667,1,192.78908048221018,82.84720184966582
40,1.6666666666666667,0,86.19138972509593,56.711735254722946
40,1.6666666666666667,1,192.78908048221018,82.84720184966582
40,1.6666666666666667,2,124.34827700118088,216.56620335112146
40,1.6666666666666667,0,86.19138972509593,56.711735254722946
40,1.6666666666666667,1,192.78908048221018,82.84720184966582
40,1.6666666666666667,2,124.34827700118088,216.56620335112146
40,1.6666666666666667,3,115.98467187358871,69.84295858215452
41,1.7083333333333333,0,86.91000190490305,60.90591796165959
41,1.7083333333333333,0,86.91000190490305,60.90591796165959
41,1.7083333333333333,1,193.64109022208228,79.67934605229671
41,1.7083333333333333,0,86.91000190490305,60.90591796165959
41,1.7083333333333333,1,193.64109022208228,79.67934605229671
41,1.7083333333333333,2,125.54291355290239,214.66073037141282
41,1.7083333333333333,0,86.91000190490305,60.90591796165959
41,1.7083333333333333,1,193.64109022208228,79.67934605229671
41,1.7083333333333333,2,125.54291355290239,214.66073037141282
41,1.7083333333333333,3,117.22667701523896,71.15287578548588
42,1.75,0,87.62861408471018,65.0375653320711
42,1.75,0,87.62861408471018,65.0375653320711
42,1.75,1,194.49309996195439,78.95992314849788
42,1.75,0,87.62861408471018,65.0375653320711
42,1.75,1,194.49309996195439,78.95992314849788
42,1.75,2,126.7375501046239,210.9426081355501
42,1.75,0,87.62861408471018,65.0375653320711
42,1.75,1,194.49309996195439,78.95992314849788
42,1.75,2,126.7375501046239,210.9426081355501
42,1.75,3,118.46868215688923,74.27127207095893
43,1.7916666666666667,0,88.3472262645173,68.72357882174362
43,1.7916666666666667,0,88.3472262645173,68.72357882174362
43,1.7916666666666667,1,195.3451097018265,80.82024544317589
43,1.7916666666666667,0,88.3472262645173,68.72357882174362
43,1.7916666666666667,1,195.3451097018265,80.82024544317589
43,1.7916666666666667,2,127.93218665634542,206.34810842136045
43,1.7916666666666667,0,88.3472262645173,68.72357882174362
43,1.7916666666666667,1,195.3451097018265,80.82024544317589
43,1.7916666666666667,2,127.93218665634542,206.34810842136045
43,1.7916666666666667,3,119.71068729853948,78.62778370815508
44,1.8333333333333333,0,89.06583844432443,71.62271831734364
44,1.8333333333333333,0,89.06583844432443,71.62271831734364
44,1.8333333333333333,1,196.1971194416986,84.9570535567302
44,1.8333333333333333,0,89.06583844432443,71.62271831734364
44,1.8333333333333333,1,196.1971194416986,84.9570535567302
44,1.8333333333333333,2,129.12682320806692,202.04026104570144
44,1.8333333333333333,0,89.06583844432443,71.62271831734364
44,1.8333333333333333,1,196.1971194416986,84.9570535567302
44,1.8333333333333333,2,129.12682320806692,202.04026104570144
44,1.8333333333333333,3,120.95269244018974,83.42316665304759
45,1.875,0,89.78445062413155,73.46765485124752
45,1.875,0,89.78445062413155,73.46765485124752
45,1.875,1,197.0491291815707,90.68360206696602
45,1.875,0,89.78445062413155,73.46765485124752
45,1.875,1,197.0491291815707,90.68360206696602
45,1.875,2,130.32145975978844,199.1079260483925
45,1.875,0,89.78445062413155,73.46765485124752
45,1.875,1,197.0491291815707,90.68360206696602
45,1.875,2,130.32145975978844,199.1079260483925
45,1.875,3,122.19469758184,87.77704629296008
46,1.9166666666666667,0,90.50306280393868,74.0900808357431
46,1.9166666666666667,0,90.50306280393868,74.0900808357431
46,1.9166666666666667,1,197.9011389214428,97.04534539742433
46,1.9166666666666667,0,90.50306280393868,74.0900808357431
46,1.9166666666666667,1,197.9011389214428,97.04534539742433
46,1.9166666666666667,2,131.51609631150995,198.28405691381292
46,1.9166666666666667,0,90.50306280393868,74.0900808357431
46,1.9166666666666667,1,197.9011389214428,97.04534539742433
46,1.9166666666666667,2,131.51609631150995,198.28405691381292
46,1.9166666666666667,3,123.43670272349027,90.89066513979355
47,1.9583333333333333,0,91.2216749837458,73.43651921002555
47,1.9583333333333333,0,91.2216749837458,73.43651921002555
47,1.9583333333333333,1,198.7531486613149,102.98073605410104
47,1.9583333333333333,0,91.2216749837458,73.43651921002555
47,1.9583333333333333,1,198.7531486613149,102.98073605410104
47,1.9583333333333333,2,132.71073286323147,199.75605273200998
47,1.9583333333333333,0,91.2216749837458,73.43651921002555
47,1.9583333333333333,1,198.7531486613149,102.98073605410104
47,1.9583333333333333,2,132.71073286323147,199.75605273200998
47,1.9583333333333333,3,124.67870786514052,92.1945426293486
48,2.0,0,91.94028716355292,78.49414327053225
48,2.0,0,91.94028716355292,78.49414327053225
48,2.0,1,199.605158401187,106.84332157997001
48,2.0,0,91.94028716355292,78.49414327053225
48,2.0,1,199.605158401187,106.84332157997001
48,2.0,2,133.905369414953,202.06229477726552
48,2.0,0,91.94028716355292,78.49414327053225
48,2.0,1,199.605158401187,106.84332157997001
48,2.0,2,133.905369414953,202.06229477726552
48,2.0,3,125.92071300679078,86.9404417133909
49,2.0416666666666665,0,92.65889934336005,75.60135501294424
49,2.0416666666666665,0,92.65889934336005,75.60135501294424
49,2.0416666666666665,1,200.4571681410591,109.19537442093448
49,2.0416666666666665,0,92.65889934336005,75.60135501294424
49,2.0416666666666665,1,200.4571681410591,109.19537442093448
49,2.0416666666666665,2,135.1000059666745,206.41726303935602
49,2.0416666666666665,0,92.65889934336005,75.60135501294424
49,2.0416666666666665,1,200.4571681410591,109.19537442093448
49,2.0416666666666665,2,135.1000059666745,206.41726303935602
49,2.0416666666666665,3,127.16271814844103,84.29803275165223
50,2.0833333333333335,0,93.37751152316717,71.95565849454756
50,2.0833333333333335,0,93.37751152316717,71.95565849454756
50,2.0833333333333335,1,201.3091778809312,108.9940742738923
50,2.0833333333333335,0,93.37751152316717,71.95565849454756
50,2.0833333333333335,1,201.3091778809312,108.9940742738923
50,2.0833333333333335,2,136.29464251839602,210.6133849152411
50,2.0833333333333335,0,93.37751152316717,71.95565849454756
50,2.0833333333333335,1,201.3091778809312,108.9940742738923
50,2.0833333333333335,2,136.29464251839602,210.6133849152411
50,2.0833333333333335,3,128.40472329009128,80.24859657103238
51,2.125,0,94.0961237029743,67.90448178877072
51,2.125,0,94.0961237029743,67.90448178877072
51,2.125,1,202.16118762080333,106.28345293274505
51,2.125,0,94.0961237029743,67.90448178877072
51,2.125,1,202.16118762080333,106.28345293274505
51,2.125,2,137.48927907011753,213.53916336215534
51,2.125,0,94.0961237029743,67.90448178877072
51,2.125,1,202.16118762080333,106.28345293274505
51,2.125,2,137.48927907011753,213.53916336215534
51,2.125,3,129.64672843174156,75.54682832229629
52,2.1666666666666665,0,94.8147358827814,63.83333975985967
52,2.1666666666666665,0,94.8147358827814,63.83333975985967
52,2.1666666666666665,1,203.0131973606754,101.5302505809425
52,2.1666666666666665,0,94.8147358827814,63.83333975985967
52,2.1666666666666665,1,203.0131973606754,101.5302505809425
52,2.1666666666666665,2,138.68391562183905,214.41179598315912
52,2.1666666666666665,0,94.8147358827814,63.83333975985967
52,2.1666666666666665,1,203.0131973606754,101.5302505809425
52,2.1666666666666665,2,138.68391562183905,214.41179598315912
52,2.1666666666666665,3,130.8887335733918,71.06801447923873
53,2.2083333333333335,0,95.53334806258854,60.12962261667482
53,2.2083333333333335,0,95.53334806258854,60.12962261667482
53,2.2083333333333335,1,203.86520710054754,95.54529094594653
53,2.2083333333333335,0,95.53334806258854,60.12962261667482
53,2.2083333333333335,1,203.86520710054754,95.54529094594653
53,2.2083333333333335,2,139.87855217356056,212.97972100860028
53,2.2083333333333335,0,95.53334806258854,60.12962261667482
53,2.2083333333333335,1,203.86520710054754,95.54529094594653
53,2.2083333333333335,2,139.87855217356056,212.97972100860028
53,2.2083333333333335,3,132.13073871504207,67.64622574830135
54,2.25,0,96.25196024239567,57.14620831519939
54,2.25,0,96.25196024239567,57.14620831519939
54,2.25,1,204.71721684041964,89.34689376598007
54,2.25,0,96.25196024239567,57.14620831519939
54,2.25,1,204.71721684041964,89.34689376598007
54,2.25,2,141.07318872528208,209.58770757398148
54,2.25,0,96.25196024239567,57.14620831519939
54,2.25,1,204.71721684041964,89.34689376598007
54,2.25,2,141.07318872528208,209.58770757398148
54,2.25,3,133.37274385669232,65.92012920183272
55,2.2916666666666665,0,96.97057242220279,55.16831670009257
55,2.2916666666666665,0,96.97057242220279,55.16831670009257
55,2.2916666666666665,1,205.56922658029174,83.98933345940566
55,2.2916666666666665,0,96.97057242220279,55.16831670009257
55,2.2916666666666665,1,205.56922658029174,83.98933345940566
55,2.2916666666666665,2,142.2678252770036,205.0876485289747
55,2.2916666666666665,0,96.97057242220279,55.16831670009257
55,2.2916666666666665,1,205.56922658029174,83.98933345940566
55,2.2916666666666665,2,142.2678252770036,205.0876485289747
55,2.2916666666666665,3,134.61474899834258,66.21492309166771
56,2.3333333333333335,0,97.68918460200992,54.38671877878357
56,2.3333333333333335,0,97.68918460200992,54.38671877878357
56,2.3333333333333335,1,206.42123632016384,80.38524103860895
56,2.3333333333333335,0,97.68918460200992,54.38671877878357
56,2.3333333333333335,1,206.42123632016384,80.38524103860895
56,2.3333333333333335,2,143.4624618287251,200.6181376666027
56,2.3333333333333335,0,97.68918460200992,54.38671877878357
56,2.3333333333333335,1,206.42123632016384,80.38524103860895
56,2.3333333333333335,2,143.4624618287251,200.6181376666027
56,2.3333333333333335,3,135.85675413999286,68.48222009364042
57,2.375,0,98.40779678181704,54.879817583422266
57,2.375,0,98.40779678181704,54.879817583422266
57,2.375,1,207.27324606003594,79.15186660265839
57,2.375,0,98.40779678181704,54.879817583422266
57,2.375,1,207.27324606003594,79.15186660265839
57,2.375,2,144.65709838044663,197.30986459914254
57,2.375,0,98.40779678181704,54.879817583422266
57,2.375,1,207.27324606003594,79.15186660265839
57,2.375,2,144.65709838044663,197.30986459914254
57,2.375,3,137.09875928164308,72.30899227859504
58,2.4166666666666665,0,99.12640896162415,56.6062837669504
58,2.4166666666666665,0,99.12640896162415,56.6062837669504
58,2.4166666666666665,1,208.12525579990805,80.50710030268115
58,2.4166666666666665,0,99.12640896162415,56.6062837669504
58,2.4166666666666665,1,208.12525579990805,80.50710030268115
58,2.4166666666666665,2,145.85173493216814,195.99305479900664
58,2.4166666666666665,0,99.12640896162415,56.6062837669504
58,2.4166666666666665,1,208.12525579990805,80.50710030268115
58,2.4166666666666665,2,145.85173493216814,195.99305479900664
58,2.4166666666666665,3,138.34076442329336,76.99392422586881
59,2.4583333333333335,0,99.84502114143129,59.4089376724236
59,2.4583333333333335,0,99.84502114143129,59.4089376724236
59,2.4583333333333335,1,208.97726553978015,84.23276759673207
59,2.4583333333333335,0,99.84502114143129,59.4089376724236
59,2.4583333333333335,1,208.97726553978015,84.23276759673207
59,2.4583333333333335,2,147.04637148388966,196.9826531472333
59,2.4583333333333335,0,99.84502114143129,59.4089376724236
59,2.4583333333333335,1,208.97726553978015,84.23276759673207
59,2.4583333333333335,2,147.04637148388966,196.9826531472333
59,2.4583333333333335,3,139.58276956494362,81.67705950024978
60,2.5,0,100.56363332123841,63.02951323245938
60,2.5,0,100.56363332123841,63.02951323245938
60,2.5,1,209.82927527965225,89.71138190205785
60,2.5,0,100.56363332123841,63.02951323245938
60,2.5,1,209.82927527965225,89.71138190205785
60,2.5,2,148.24100803561117,199.99683361065954
60,2.5,0,100.56363332123841,63.02951323245938
60,2.5,1,209.82927527965225,89.71138190205785
60,2.5,2,148.24100803561117,199.99683361065954
60,2.5,3,140.82477470659387,85.49877380282899
61,2.5416666666666665,0,101.28224550104554,67.13291692439667
61,2.5416666666666665,0,101.28224550104554,67.13291692439667
61,2.5416666666666665,1,210.68128501952435,96.0301634666453
61,2.5416666666666665,0,101.28224550104554,67.13291692439667
61,2.5416666666666665,1,210.68128501952435,96.0301634666453
61,2.5416666666666665,2,149.43564458733266,204.2299202379628
61,2.5416666666666665,0,101.28224550104554,67.13291692439667
61,2.5416666666666665,1,210.68128501952435,96.0301634666453
61,2.5416666666666665,2,149.43564458733266,204.2299202379628
61,2.5416666666666665,3,142.06677984824415,87.75868672251472
62,2.5833333333333335,0,102.00085768085266,71.33870313530522
62,2.5833333333333335,0,102.00085768085266,71.33870313530522
62,2.5833333333333335,1,211.53329475939645,102.13480193253577
62,2.5833333333333335,0,102.00085768085266,71.33870313530522
62,2.5833333333333335,1,211.53329475939645,102.13480193253577
62,2.5833333333333335,2,150.6302811390542,208.56085155238438
62,2.5833333333333335,0,102.00085768085266,71.33870313530522
62,2.5833333333333335,1,211.53329475939645,102.13480193253577
62,2.5833333333333335,2,150.6302811390542,208.56085155238438
62,2.5833333333333335,3,143.3087849898944,88.04513536537779
63,2.625,0,102.71946986065979,75.25680945295153
63,2.625,0,102.71946986065979,75.25680945295153
63,2.625,1,212.38530449926856,107.0070604761575
63,2.625,0,102.71946986065979,75.25680945295153
63,2.625,1,212.38530449926856,107.0070604761575
63,2.625,2,151.8249176907757,211.84324928168672
63,2.625,0,102.71946986065979,75.25680945295153
63,2.625,1,212.38530449926856,107.0070604761575
63,2.625,2,151.8249176907757,211.84324928168672
63,2.625,3,144.55079013154466,86.31127512517544
64,2.6666666666666665,0,103.4380820404669,78.52419526359702
64,2.6666666666666665,0,103.4380820404669,78.52419526359702
64,2.6666666666666665,1,213.23731423914066,109.8363031715348
64,2.6666666666666665,0,103.4380820404669,78.52419526359702
64,2.6666666666666665,1,213.23731423914066,109.8363031715348
64,2.6666666666666665,2,153.01955424249724,213.202037675091
64,2.6666666666666665,0,103.4380820404669,78.52419526359702
64,2.6666666666666665,1,213.23731423914066,109.8363031715348
64,2.6666666666666665,2,153.01955424249724,213.202037675091
64,2.6666666666666665,3,145.7927952731949,82.88373946464931
65,2.7083333333333335,0,104.15669422027403,80.83894218980993
65,2.7083333333333335,0,104.15669422027403,80.83894218980993
65,2.7083333333333335,1,214.08932397901276,110.15605088739014
65,2.7083333333333335,0,104.15669422027403,80.83894218980993
65,2.7083333333333335,1,214.08932397901276,110.15605088739014
65,2.7083333333333335,2,154.21419079421875,212.25986472718557
65,2.7083333333333335,0,104.15669422027403,80.83894218980993
65,2.7083333333333335,1,214.08932397901276,110.15605088739014
65,2.7083333333333335,2,154.21419079421875,212.25986472718557
65,2.7083333333333335,3,147.03480041484517,78.40225784427238
66,2.75,0,104.87530640008114,81.98861331107054
66,2.75,0,104.87530640008114,81.98861331107054
66,2.75,1,214.9413337188849,107.92256215706372
66,2.75,0,104.87530640008114,81.98861331107054
66,2.75,1,214.9413337188849,107.92256215706372
66,2.75,2,155.40882734594027,209.23474001423284
66,2.75,0,104.87530640008114,81.98861331107054
66,2.75,1,214.9413337188849,107.92256215706372
66,2.75,2,155.40882734594027,209.23474001423284
66,2.75,3,148.27680555649545,73.7013941407785
67,2.7916666666666665,0,105.59391857988828,81.87020738300502
67,2.7916666666666665,0,105.59391857988828,81.87020738300502
67,2.7916666666666665,1,215.79334345875696,103.52220165926931
67,2.7916666666666665,0,105.59391857988828,81.87020738300502
67,2.7916666666666665,1,215.79334345875696,103.52220165926931
67,2.7916666666666665,2,156.60346389766175,204.88362586894743
67,2.7916666666666665,0,105.59391857988828,81.87020738300502
67,2.7916666666666665,1,215.79334345875696,103.52220165926931
67,2.7916666666666665,2,156.60346389766175,204.88362586894743
67,2.7916666666666665,3,149.51881069814567,69.65626761204146
68,2.8333333333333335,0,106.3125307596954,80.4998337536214
68,2.8333333333333335,0,106.3125307596954,80.4998337536214
68,2.8333333333333335,1,216.6453531986291,97.7063550502394
68,2.8333333333333335,0,106.3125307596954,80.4998337536214
68,2.8333333333333335,1,216.6453531986291,97.7063550502394
68,2.8333333333333335,2,157.7981004493833,200.3065773790341
68,2.8333333333333335,0,106.3125307596954,80.4998337536214
68,2.8333333333333335,1,216.6453531986291,97.7063550502394
68,2.8333333333333335,2,157.7981004493833,200.3065773790341
68,2.8333333333333335,3,150.76081583979595,67.0207767185394
69,2.875,0,107.03114293950253,78.0111992107886
69,2.875,0,107.03114293950253,78.0111992107886
69,2.875,1,217.4973629385012,91.46485408705456
69,2.875,0,107.03114293950253,78.0111992107886
69,2.875,1,217.4973629385012,91.46485408705456
69,2.875,2,158.99273700110479,196.66210894933542
69,2.875,0,107.03114293950253,78.0111992107886
69,2.875,1,217.4973629385012,91.46485408705456
69,2.875,2,158.99273700110479,196.66210894933542
69,2.875,3,152.0028209814462,66.28823204756385
70,2.9166666666666665,0,107.74975511930964,74.64304889151161
70,2.9166666666666665,0,107.74975511930964,74.64304889151161
70,2.9166666666666665,1,218.3493726783733,85.85923424769403
70,2.9166666666666665,0,107.74975511930964,74.64304889151161
70,2.9166666666666665,1,218.3493726783733,85.85923424769403
70,2.9166666666666665,2,160.18737355282633,194.86743482474765
70,2.9166666666666665,0,107.74975511930964,74.64304889151161
70,2.9166666666666665,1,218.3493726783733,85.85923424769403
70,2.9166666666666665,2,160.18737355282633,194.86743482474765
70,2.9166666666666665,3,153.24482612309646,67.60016199778742
71,2.9583333333333335,0,108.46836729911678,70.71674092953485
71,2.9583333333333335,0,108.46836729911678,70.71674092953485
71,2.9583333333333335,1,219.2013824182454,81.84391348113093
71,2.9583333333333335,0,108.46836729911678,70.71674092953485
71,2.9583333333333335,1,219.2013824182454,81.84391348113093
71,2.9583333333333335,2,161.38201010454782,195.3611447537492
71,2.9583333333333335,0,108.46836729911678,70.71674092953485
71,2.9583333333333335,1,219.2013824182454,81.84391348113093
71,2.9583333333333335,2,161.38201010454782,195.3611447537492
71,2.9583333333333335,3,154.48683126474674,70.7201495754662
72,3.0,0,109.18697947892389,60.36799034975104
72,3.0,0,109.18697947892389,60.36799034975104
72,3.0,1,220.0533921581175,80.42148366601305
72,3.0,0,109.18697947892389,60.36799034975104
72,3.0,1,220.0533921581175,80.42148366601305
72,3.0,2,162.57664665626936,195.6334991715553
72,3.0,0,109.18697947892389,60.36799034975104
72,3.0,1,220.0533921581175,80.42148366601305
72,3.0,2,162.57664665626936,195.6334991715553
72,3.0,3,155.72883640639697,77.80811020221157
73,3.0416666666666665,0,109.90559165873103,56.46404294932871
73,3.0416666666666665,0,109.90559165873103,56.46404294932871
73,3.0416666666666665,1,220.9054018979896,81.26278929199962
73,3.0416666666666665,0,109.90559165873103,56.46404294932871
73,3.0416666666666665,1,220.9054018979896,81.26278929199962
73,3.0416666666666665,2,163.77128320799085,199.6910392015962
73,3.0416666666666665,0,109.90559165873103,56.46404294932871
73,3.0416666666666665,1,220.9054018979896,81.26278929199962
73,3.0416666666666665,2,163.77128320799085,199.6910392015962
73,3.0416666666666665,3,156.97084154804725,82.60349131377487
74,3.0833333333333335,0,110.62420383853814,53.138513423583504
74,3.0833333333333335,0,110.62420383853814,53.138513423583504
74,3.0833333333333335,1,221.7574116378617,84.55229790760006
74,3.0833333333333335,0,110.62420383853814,53.138513423583504
74,3.0833333333333335,1,221.7574116378617,84.55229790760006
74,3.0833333333333335,2,164.9659197597124,204.10190308273454
74,3.0833333333333335,0,110.62420383853814,53.138513423583504
74,3.0833333333333335,1,221.7574116378617,84.55229790760006
74,3.0833333333333335,2,164.9659197597124,204.10190308273454
74,3.0833333333333335,3,158.2128466896975,86.9564919576679
75,3.125,0,111.34281601834527,50.70875653125346
75,3.125,0,111.34281601834527,50.70875653125346
75,3.125,1,222.6094213777338,89.74599615978867
75,3.125,0,111.34281601834527,50.70875653125346
75,3.125,1,222.6094213777338,89.74599615978867
75,3.125,2,166.16055631143388,207.69903041370546
75,3.125,0,111.34281601834527,50.70875653125346
75,3.125,1,222.6094213777338,89.74599615978867
75,3.125,2,166.16055631143388,207.69903041370546
75,3.125,3,159.45485183134775,90.0685171386357
76,3.1666666666666665,0,112.06142819815238,49.407987026285966
76,3.1666666666666665,0,112.06142819815238,49.407987026285966
76,3.1666666666666665,1,223.4614311176059,95.97909990837779
76,3.1666666666666665,0,112.06142819815238,49.407987026285966
76,3.1666666666666665,1,223.4614311176059,95.97909990837779
76,3.1666666666666665,2,167.3551928631554,209.5259108233022
76,3.1666666666666665,0,112.06142819815238,49.407987026285966
76,3.1666666666666665,1,223.4614311176059,95.97909990837779
76,3.1666666666666665,2,167.3551928631554,209.5259108233022
76,3.1666666666666665,3,160.696856972998,91.3703809005238
77,3.2083333333333335,0,112.78004037795952,49.36337377482357
77,3.2083333333333335,0,112.78004037795952,49.36337377482357
77,3.2083333333333335,1,224.31344085747804,102.21173167538707
77,3.2083333333333335,0,112.78004037795952,49.36337377482357
77,3.2083333333333335,1,224.31344085747804,102.21173167538707
77,3.2083333333333335,2,168.5498294148769,209.084075971768
77,3.2083333333333335,0,112.78004037795952,49.36337377482357
77,3.2083333333333335,1,224.31344085747804,102.21173167538707
77,3.2083333333333335,2,168.5498294148769,209.084075971768
77,3.2083333333333335,3,161.93886211464826,90.62752710394226
78,3.25,0,113.49865255776663,50.584094772060766
78,3.25,0,113.49865255776663,50.584094772060766
78,3.25,1,225.16545059735012,107.40409349062163
78,3.25,0,113.49865255776663,50.584094772060766
78,3.25,1,225.16545059735012,107.40409349062163
78,3.25,2,169.74446596659843,206.46207559826178
78,3.25,0,113.49865255776663,50.584094772060766
78,3.25,1,225.16545059735012,107.40409349062163
78,3.25,2,169.74446596659843,206.46207559826178
78,3.25,3,163.18086725629854,87.98338991175477
79,3.2916666666666665,0,114.21726473757376,52.960475052322
79,3.2916666666666665,0,114.21726473757376,52.960475052322
79,3.2916666666666665,1,226.01746033722222,110.69162634374773
79,3.2916666666666665,0,114.21726473757376,52.960475052322
79,3.2916666666666665,1,226.01746033722222,110.69162634374773
79,3.2916666666666665,2,170.93910251831994,202.3125657440211
79,3.2916666666666665,0,114.21726473757376,52.960475052322
79,3.2916666666666665,1,226.01746033722222,110.69162634374773
79,3.2916666666666665,2,170.93910251831994,202.3125657440211
79,3.2916666666666665,3,164.42287239794877,83.93287828215736
80,3.3333333333333335,0,114.93587691738088,56.274288468545755
80,3.3333333333333335,0,114.93587691738088,56.274288468545755
80,3.3333333333333335,1,226.86947007709432,111.53064970934881
80,3.3333333333333335,0,114.93587691738088,56.274288468545755
80,3.3333333333333335,1,226.86947007709432,111.53064970934881
80,3.3333333333333335,2,172.13373907004146,197.68343745234316
80,3.3333333333333335,0,114.93587691738088,56.274288468545755
80,3.3333333333333335,1,226.86947007709432,111.53064970934881
80,3.3333333333333335,2,172.13373907004146,197.68343745234316
80,3.3333333333333335,3,165.66487753959905,79.23088617541912
81,3.375,0,115.65448909718802,60.21925569409274
81,3.375,0,115.65448909718802,60.21925569409274
81,3.375,2,173.32837562176297,193.7466805014261
81,3.375,0,115.65448909718802,60.21925569409274
81,3.375,2,173.32837562176297,193.7466805014261
81,3.375,3,166.9068826812493,74.75274144814256
82,3.4166666666666665,0,116.37310127699513,64.42981306770612
82,3.4166666666666665,0,116.37310127699513,64.42981306770612
82,3.4166666666666665,2,174.5230121734845,191.49513724567606
82,3.4166666666666665,0,116.37310127699513,64.42981306770612
82,3.4166666666666665,2,174.5230121734845,191.49513724567606
82,3.4166666666666665,3,168.14888782289955,71.33239111277814
83,3.4583333333333335,0,117.09171345680227,68.51545002140668
83,3.4583333333333335,0,117.09171345680227,68.51545002140668
83,3.4583333333333335,2,175.717648725206,191.48560990575126
83,3.4583333333333335,0,117.09171345680227,68.51545002140668
83,3.4583333333333335,2,175.717648725206,191.48560990575126
83,3.4583333333333335,3,169.39089296454983,69.60823633718519
84,3.5,0,117.81032563660938,72.09738977359957
84,3.5,0,117.81032563660938,72.09738977359957
84,3.5,2,176.91228527692752,193.69479093783045
84,3.5,0,117.81032563660938,72.09738977359957
84,3.5,2,176.91228527692752,193.69479093783045
84,3.5,3,170.6328981062001,69.90511641381237
85,3.5416666666666665,0,118.5289378164165,74.8441678665627
85,3.5416666666666665,0,118.5289378164165,74.8441678665627
85,3.5416666666666665,2,178.10692182864904,197.5252937373476
85,3.5416666666666665,0,118.5289378164165,74.8441678665627
85,3.5416666666666665,2,178.10692182864904,197.5252937373476
85,3.5416666666666665,3,171.87490324785034,72.17425836211146
86,3.5833333333333335,0,119.24754999622363,76.50276665305606
86,3.5833333333333335,0,119.24754999622363,76.50276665305606
86,3.5833333333333335,2,179.30155838037055,201.9602232644864
86,3.5833333333333335,0,119.24754999622363,76.50276665305606
86,3.5833333333333335,2,179.30155838037055,201.9602232644864
86,3.5833333333333335,3,173.11690838950062,76.00229319270731
87,3.625,0,119.96616217603075,76.92238126690086
87,3.625,0,119.96616217603075,76.92238126690086
87,3.625,2,180.49619493209207,205.826292259317
87,3.625,0,119.96616217603075,76.92238126690086
87,3.625,2,180.49619493209207,205.826292259317
87,3.625,3,174.35891353115085,80.68767206990799
88,3.6666666666666665,0,120.68477435583787,76.06858473775236
88,3.6666666666666665,0,120.68477435583787,76.06858473775236
88,3.6666666666666665,2,181.69083148381355,208.09740311702743
88,3.6666666666666665,0,120.68477435583787,76.06858473775236
88,3.6666666666666665,2,181.69083148381355,208.09740311702743
88,3.6666666666666665,3,175.60091867280113,85.37035593820202
89,3.7083333333333335,0,121.40338653564501,74.02656171955024
89,3.7083333333333335,0,121.40338653564501,74.02656171955024
89,3.7083333333333335,2,182.8854680355351,208.16014521809814
89,3.7083333333333335,0,121.40338653564501,74.02656171955024
89,3.7083333333333335,2,182.8854680355351,208.16014521809814
89,3.7083333333333335,3,176.84292381445138,89.19080394645147
90,3.75,0,122.12199871545212,70.99310708823963
90,3.75,0,122.12199871545212,70.99310708823963
90,3.75,2,184.08010458725659,205.97251168294542
90,3.75,0,122.12199871545212,70.99310708823963
90,3.75,2,184.08010458725659,205.97251168294542
90,3.75,3,178.08492895610163,91.4488697730967
91,3.7916666666666665,0,122.84061089525925,67.25814098120455
91,3.7916666666666665,0,122.84061089525925,67.25814098120455
91,3.7916666666666665,2,185.27474113897813,202.07476842991917
91,3.7916666666666665,0,122.84061089525925,67.25814098120455
91,3.7916666666666665,2,185.27474113897813,202.07476842991917
91,3.7916666666666665,3,179.3269340977519,91.73323198127387
92,3.8333333333333335,0,123.55922307506637,63.177476572439915
92,3.8333333333333335,0,123.55922307506637,63.177476572439915
92,3.8333333333333335,2,186.46937769069964,197.44966322536544
92,3.8333333333333335,0,123.55922307506637,63.177476572439915
92,3.8333333333333335,2,186.46937769069964,197.44966322536544
92,3.8333333333333335,3,180.56893923940214,89.99743166694839
93,3.875,0,124.2778352548735,59.13939850881056
93,3.875,0,124.2778352548735,59.13939850881056
93,3.875,2,187.66401424242116,193.26814489495933
93,3.875,0,124.2778352548735,59.13939850881056
93,3.875,2,187.66401424242116,193.26814489495933
93,3.875,3,181.81094438105242,86.56846093858339
94,3.9166666666666665,0,124.99644743468062,55.528191297916194
94,3.9166666666666665,0,124.99644743468062,55.528191297916194
94,3.9166666666666665,2,188.85865079414265,190.5863865059742
94,3.9166666666666665,0,124.99644743468062,55.528191297916194
94,3.9166666666666665,2,188.85865079414265,190.5863865059742
94,3.9166666666666665,3,183.05294952270265,82.08631454596988
95,3.9583333333333335,0,125.71505961448774,52.68804342939996
95,3.9583333333333335,0,125.71505961448774,52.68804342939996
95,3.9583333333333335,2,190.0532873458642,190.07250617020657
95,3.9583333333333335,0,125.71505961448774,52.68804342939996
95,3.9583333333333335,2,190.0532873458642,190.07250617020657
95,3.9583333333333335,3,184.29495466435293,77.3856792568772
96,4.0,0,126.43367179429487,50.795593379156244
96,4.0,0,126.43367179429487,50.795593379156244
96,4.0,2,191.24792389758568,192.44470959183164
96,4.0,0,126.43367179429487,50.795593379156244
96,4.0,2,191.24792389758568,192.44470959183164
96,4.0,3,185.53695980600318,70.23169009456765
97,4.041666666666667,0,127.15228397410199,50.21490026222037
97,4.041666666666667,0,127.15228397410199,50.21490026222037
97,4.041666666666667,2,192.44256044930722,195.999496622418
97,4.041666666666667,0,127.15228397410199,50.21490026222037
97,4.041666666666667,2,192.44256044930722,195.999496622418
97,4.041666666666667,3,186.77896494765344,67.59793000307072
98,4.083333333333333,0,127.87089615390911,50.910371764516924
98,4.083333333333333,0,127.87089615390911,50.910371764516924
98,4.083333333333333,2,193.6371970010287,200.40232679650762
98,4.083333333333333,0,127.87089615390911,50.910371764516924
98,4.083333333333333,2,193.6371970010287,200.40232679650762
98,4.083333333333333,3,188.0209700893037,66.86744760089098
99,4.125,0,128.58950833371625,52.8216696531217
99,4.125,0,128.58950833371625,52.8216696531217
99,4.125,2,194.83183355275025,204.48821839206025
99,4.125,0,128.58950833371625,52.8216696531217
99,4.125,2,194.83183355275025,204.48821839206025
99,4.125,3,189.26297523095394,68.18139005184439
100,4.166666666666667,0,129.30812051352336,55.7742530122499
100,4.166666666666667,0,129.30812051352336,55.7742530122499
100,4.166666666666667,2,196.02647010447174,207.1741958685487
100,4.166666666666667,0,129.30812051352336,55.7742530122499
100,4.166666666666667,2,196.02647010447174,207.1741958685487
100,4.166666666666667,3,190.50498037260422,71.30296832754783
101,4.208333333333333,0,130.02673269333047,59.495772887324094
101,4.208333333333333,0,130.02673269333047,59.495772887324094
101,4.208333333333333,2,197.22110665619326,207.73950406228195
101,4.208333333333333,0,130.02673269333047,59.495772887324094
101,4.208333333333333,2,197.22110665619326,207.73950406228195
101,4.208333333333333,3,191.74698551425445,75.66123046893253
102,4.25,0,130.7453448731376,63.64165404700631
102,4.25,0,130.7453448731376,63.64165404700631
102,4.25,2,198.41574320791477,206.01209977431205
102,4.25,0,130.7453448731376,63.64165404700631
102,4.25,2,198.41574320791477,206.01209977431205
102,4.25,3,192.98899065590473,80.4566088305023
103,4.291666666666667,0,131.46395705294475,67.82746096596394
103,4.291666666666667,0,131.46395705294475,67.82746096596394
103,4.291666666666667,2,199.61037975963632,202.41316703855398
103,4.291666666666667,0,131.46395705294475,67.82746096596394
103,4.291666666666667,2,199.61037975963632,202.41316703855398
103,4.291666666666667,3,194.230995797555,84.80872964686213
104,4.333333333333333,0,132.18256923275186,71.66500788867044
104,4.333333333333333,0,132.18256923275186,71.66500788867044
104,4.333333333333333,2,200.8050163113578,197.8481379798488
104,4.333333333333333,0,132.18256923275186,71.66500788867044
104,4.333333333333333,2,200.8050163113578,197.8481379798488
104,4.333333333333333,3,195.47300093920524,87.9191605693158
105,4.375,0,132.90118141255897,74.79882115266874
105,4.375,0,132.90118141255897,74.79882115266874
105,4.375,2,201.99965286307932,193.47241703876102
105,4.375,0,132.90118141255897,74.79882115266874
105,4.375,2,201.99965286307932,193.47241703876102
105,4.375,3,196.71500608085552,89.21901035931221
106,4.416666666666667,0,133.6197935923661,76.93952886196162
106,4.416666666666667,0,133.6197935923661,76.93952886196162
106,4.416666666666667,2,203.19428941480083,190.39242618131138
106,4.416666666666667,0,133.6197935923661,76.93952886196162
106,4.416666666666667,2,203.19428941480083,190.39242618131138
106,4.416666666666667,3,197.95701122250577,88.47409518406214
107,4.458333333333333,0,134.33840577217322,77.89104161547715
107,4.458333333333333,0,134.33840577217322,77.89104161547715
107,4.458333333333333,2,204.38892596652235,189.37932406502074
107,4.458333333333333,0,134.33840577217322,77.89104161547715
107,4.458333333333333,2,204.38892596652235,189.37932406502074
107,4.458333333333333,3,199.19901636415602,85.82823027673555
108,4.5,0,135.05701795198036,77.56897120231613
108,4.5,0,135.05701795198036,77.56897120231613
108,4.5,2,205.58356251824387,190.6694728134622
108,4.5,0,135.05701795198036,77.56897120231613
108,4.5,2,205.58356251824387,190.6694728134622
108,4.5,3,200.44102150580628,81.77664398417201
109,4.541666666666667,0,135.77563013178747,76.00855719406394
109,4.541666666666667,0,135.77563013178747,76.00855719406394
109,4.541666666666667,2,206.77819906996538,193.9032805664544
109,4.541666666666667,0,135.77563013178747,76.00855719406394
109,4.541666666666667,2,206.77819906996538,193.9032805664544
109,4.541666666666667,3,201.68302664745656,77.0744289308413
110,4.583333333333333,0,136.49424231159458,73.36135688863192
110,4.583333333333333,0,136.49424231159458,73.36135688863192
110,4.583333333333333,2,207.9728356216869,198.21824397268895
110,4.583333333333333,0,136.49424231159458,73.36135688863192
110,4.583333333333333,2,207.9728356216869,198.21824397268895
110,4.583333333333333,3,202.92503178910678,72.59695418766913
111,4.625,0,137.21285449140174,69.88100951950311
111,4.625,0,137.21285449140174,69.88100951950311
111,4.625,2,209.1674721734084,202.4721163717482
111,4.625,0,137.21285449140174,69.88100951950311
111,4.625,2,209.1674721734084,202.4721163717482
111,4.625,3,204.16703693075706,69.17804291259421
112,4.666666666666667,0,137.93146667120885,65.89941189950238
112,4.666666666666667,0,137.93146667120885,65.89941189950238
112,4.666666666666667,2,210.36210872512993,205.5384580783276
112,4.666666666666667,0,137.93146667120885,65.89941189950238
112,4.666666666666667,2,210.36210872512993,205.5384580783276
112,4.666666666666667,3,205.40904207240732,67.45583024610654
113,4.708333333333333,0,138.65007885101596,61.795543323030785
113,4.708333333333333,0,138.65007885101596,61.795543323030785
113,4.708333333333333,2,211.55674527685144,206.59809669521994
113,4.708333333333333,0,138.65007885101596,61.795543323030785
113,4.708333333333333,2,211.55674527685144,206.59809669521994
113,4.708333333333333,3,206.65104721405757,67.7547964587424
114,4.75,0,139.3686910308231,57.95986800653277
114,4.75,0,139.3686910308231,57.95986800653277
114,4.75,2,212.75138182857296,205.35108364005436
114,4.75,0,139.3686910308231,57.95986800653277
114,4.75,2,212.75138182857296,205.35108364005436
114,4.75,3,207.89305235570782,70.02578292295942
115,4.791666666666667,0,140.08730321063024,54.757658749192174
115,4.791666666666667,0,140.08730321063024,54.757658749192174
115,4.791666666666667,2,213.94601838029448,202.09430425512957
115,4.791666666666667,0,140.08730321063024,54.757658749192174
115,4.791666666666667,2,213.94601838029448,202.09430425512957
115,4.791666666666667,3,209.1350574973581,73.85507966872893
116,4.833333333333333,0,140.80591539043735,52.49468682573898
116,4.833333333333333,0,140.80591539043735,52.49468682573898
116,4.833333333333333,2,215.14065493201596,197.64466029475398
116,4.833333333333333,0,140.80591539043735,52.49468682573898
116,4.833333333333333,2,215.14065493201596,197.64466029475398
116,4.833333333333333,3,210.37706263900833,78.54090458036583
117,4.875,0,141.52452757024446,51.388500862849924
117,4.875,0,141.52452757024446,51.388500862849924
117,4.875,2,216.3352914837375,193.1277009153508
117,4.875,0,141.52452757024446,51.388500862849924
117,4.875,2,216.3352914837375,193.1277009153508
117,4.875,3,211.6190677806586,83.22313614760084
118,4.916666666666667,0,142.2431397500516,51.54799247689242
118,4.916666666666667,0,142.2431397500516,51.54799247689242
118,4.916666666666667,2,217.52992803545902,189.6863927821146
118,4.916666666666667,0,142.2431397500516,51.54799247689242
118,4.916666666666667,2,217.52992803545902,189.6863927821146
118,4.916666666666667,3,212.86107292230886,87.04231713251347
119,4.958333333333333,0,142.9617519298587,52.96316807451177
119,4.958333333333333,0,142.9617519298587,52.96316807451177
119,4.958333333333333,3,214.10307806395912,89.2985354378418
120,5.0,0,143.68036410966585,63.20360081250935
120,5.0,0,143.68036410966585,63.20360081250935
120,5.0,3,215.34508320560937,94.6744273659647
121,5.041666666666667,0,144.39897628947296,66.64039498043527
121,5.041666666666667,0,144.39897628947296,66.64039498043527
121,5.041666666666667,3,216.58708834725965,92.93668731798708
122,5.083333333333333,0,145.11758846928007,70.65323291922323
122,5.083333333333333,0,145.11758846928007,70.65323291922323
122,5.083333333333333,3,217.8290934889099,89.50628218815937
123,5.125,0,145.8362006490872,74.87017586535946
124,5.166666666666667,0,146.55481282889434,78.90011345345762
125,5.208333333333333,0,147.27342500870145,82.36950074839126
126,5.25,0,147.99203718850856,84.95744535496821
127,5.291666666666667,0,148.71064936831573,86.4258488697466
128,5.333333333333333,0,149.42926154812284,86.64177148568896
129,5.375,0,150.14787372792995,85.58991904030849
130,5.416666666666667,0,150.8664859077371,83.37407959773955
131,5.458333333333333,0,151.5850980875442,80.20737462645018
132,5.5,0,152.30371026735133,76.3922404803574
133,5.541666666666667,0,153.02232244715844,72.29202052464414
134,5.583333333333333,0,153.74093462696555,68.29683626047562
135,5.625,0,154.4595468067727,64.78694317697334
136,5.666666666666667,0,155.17815898657983,62.09701331859554
137,5.708333333333333,0,155.89677116638694,60.48469950961366
138,5.75,0,156.61538334619405,60.1064340009338
139,5.791666666666667,0,157.3339955260012,61.00273477456585
140,5.833333333333333,0,158.05260770580833,63.09439968589423
141,5.875,0,158.77121988561544,66.1899459283127
142,5.916666666666667,0,159.48983206542255,70.00359603063568
143,5.958333333333333,0,160.20844424522969,74.1821209609144
144,6.0,0,160.92705642503682,77.33163117169794
145,6.041666666666667,0,161.64566860484393,81.07952583444455
146,6.083333333333333,0,162.36428078465104,84.07236454183311
147,6.125,0,163.08289296445818,86.03401715076895
148,6.166666666666667,0,163.80150514426532,86.78521292201452
149,6.208333333333333,0,164.52011732407243,86.26037943700356
150,6.25,0,165.23872950387954,84.51380182107081
151,6.291666666666667,0,165.95734168368668,81.71452373670023
152,6.333333333333333,0,166.6759538634938,78.1304690969593
153,6.375,0,167.39456604330093,74.10327594801718
154,6.416666666666667,0,168.11317822310804,70.01620637644893
155,6.458333333333333,0,168.83179040291515,66.258146666643
156,6.5,0,169.5504025827223,63.18707917679913
157,6.541666666666667,0,170.26901476252942,61.09645702351909
158,6.583333333333333,0,170.98762694233653,60.18764000391823
159,6.625,0,171.70623912214367,60.550980851600215
160,6.666666666666667,0,172.4248513019508,62.15733839618558
161,6.708333333333333,0,173.14346348175792,64.86081479609122
162,6.75,0,173.86207566156503,68.41245973603785
163,6.791666666666667,0,174.58068784137217,72.48365435276827
164,6.833333333333333,0,175.29930002117928,76.69697843471069
165,6.875,0,176.01791220098642,80.6616615367213
166,6.916666666666667,0,176.73652438079353,84.01028808347678
167,6.958333333333333,0,177.45513656060064,86.43330874782606
168,7.0,0,178.17374874040777,86.80488778989793
169,7.041666666666667,0,178.8923609202149,86.81672718976967
170,7.083333333333333,0,179.61097310002202,85.56947368267258
171,7.125,0,180.32958527982913,83.18526937221027
172,7.166666666666667,0,181.0481974596363,79.8930502541786
173,7.208333333333333,0,181.7668096394434,76.00704223769544
174,7.25,0,182.48542181925052,71.89724587702399
175,7.291666666666667,0,183.20403399905766,67.95468218591685
176,7.333333333333333,0,183.92264617886477,64.55466399829027
177,7.375,0,184.6412583586719,62.02154279965623
178,7.416666666666667,0,185.35987053847902,60.5982423626386
179,7.458333333333333,0,186.07848271828612,60.42344089495285
180,7.5,0,186.79709489809326,61.518544982764226
181,7.541666666666667,0,187.5157070779004,63.78567886810532
182,7.583333333333333,0,188.2343192577075,67.01687792770869
183,7.625,0,188.95293143751465,70.91362280895363
184,7.666666666666667,0,189.67154361732176,75.1148793797622
185,7.708333333333333,0,190.39015579712887,79.23101069740693
186,7.75,0,191.108767976936,82.88037564191929
187,7.791666666666667,0,191.82738015674315,85.72517650114008
188,7.833333333333333,0,192.54599233655026,87.50318834049463
189,7.875,0,193.2646045163574,88.05238981490648
190,7.916666666666667,0,193.9832166961645,87.32618184845157
191,7.958333333333333,0,194.70182887597161,85.39776468979113
192,8.0,0,195.42044105577875,84.84349610205356
193,8.041666666666666,0,196.13905323558586,81.16447314754325
194,8.083333333333334,0,196.857665415393,77.10148815074417
195,8.125,0,197.5762775952001,73.04116512975024
196,8.166666666666666,0,198.29488977500725,69.36987806302587
197,8.208333333333334,0,199.0135019548144,66.43745874652774
198,8.25,0,199.7321141346215,64.52433706134603
199,8.291666666666666,0,200.4507263144286,63.815200169510916
200,8.333333333333334,0,201.16933849423575,64.38164483209457
201,8.375,0,201.88795067404286,66.1754523189423
202,8.416666666666666,0,202.60656285385,69.03311759837445
203,8.458333333333334,0,203.32517503365713,72.69120737965777
204,8.5,0,204.04378721346424,76.81110442592298
205,8.541666666666666,0,204.76239939327135,81.01081390197032
206,8.583333333333334,0,205.4810115730785,84.90084418382374
207,8.625,0,206.1996237528856,88.12079184233576
208,8.666666666666666,0,206.9182359326927,90.37319437001177
209,8.708333333333334,0,207.63684811249988,91.45147086134757
210,8.75,0,208.355460292307,91.25932617604039
211,8.791666666666666,0,209.0740724721141,89.81979595026152
212,8.833333333333334,0,209.79268465192123,87.27308285725839
213,8.875,0,210.51129683172834,83.86338735752692
214,8.916666666666666,0,211.22990901153545,79.91596992738417
215,8.958333333333334,0,211.94852119134262,75.80659931289381
216,9.0,0,212.66713337114973,66.0361667625792
217,9.041666666666666,0,213.38574555095684,62.75432024380565
218,9.083333333333334,0,214.10435773076398,60.38422159164709
219,9.125,0,214.8229699105711,59.15348185613503
220,9.166666666666666,0,215.5415820903782,59.182692000808316
221,9.208333333333334,0,216.26019427018537,60.47409578255959
222,9.25,0,216.97880644999248,62.91137899534574
223,9.291666666666666,0,217.69741862979959,66.27059487412362
224,9.333333333333334,0,218.41603080960672,70.2411994348236
225,9.375,0,219.13464298941383,74.45522089897013
226,9.416666666666666,0,219.85325516922094,78.52182331624577
227,9.458333333333334,0,220.57186734902808,82.06401782079044
228,9.5,0,221.29047952883522,84.75407322960223
229,9.541666666666666,0,222.00909170864233,86.34429986231382
230,9.583333333333334,0,222.72770388844947,86.69031505535922
